CaseId,ActivityName,ActivityTime,VendorID
AP770487,Invoice Received,2025-04-25T15:51:38.995195+00:00,V214
AP809570,Invoice Received,2025-04-16T11:37:42.422569+00:00,V858
AP343962,Invoice Received,2025-04-17T10:22:46.217424+00:00,V617
AP539898,Invoice Received,2025-04-25T15:55:18.545499+00:00,V325
AP267414,Invoice Received,2025-04-25T13:51:18.519711+00:00,V814
AP207175,Invoice Received,2025-04-23T05:51:15.106361+00:00,V194
AP145561,Invoice Received,2025-04-30T02:50:56.488043+00:00,V847
AP407419,Invoice Received,2025-04-07T23:29:28.701700+00:00,V949
AP172933,Invoice Received,2025-04-11T07:53:33.756480+00:00,V146
AP172933,Invoice Scanned,2025-04-11T11:23:10.759765+00:00,V146
AP498591,Invoice Received,2025-04-09T10:31:42.356633+00:00,V384
AP498591,Invoice Scanned,2025-04-09T12:16:18.767456+00:00,V384
AP835911,Invoice Received,2025-04-15T23:08:37.699168+00:00,V799
AP835911,Invoice Scanned,2025-04-16T02:11:44.696822+00:00,V799
AP497887,Invoice Received,2025-04-17T13:15:32.861560+00:00,V376
AP497887,Invoice Scanned,2025-04-17T16:42:32.795754+00:00,V376
AP340174,Invoice Received,2025-04-21T23:31:15.486063+00:00,V941
AP340174,Invoice Scanned,2025-04-22T03:13:01.001228+00:00,V941
AP852787,Invoice Received,2025-04-19T06:07:53.163955+00:00,V422
AP852787,Invoice Scanned,2025-04-19T08:52:53.097520+00:00,V422
AP246413,Invoice Received,2025-04-18T01:59:10.877037+00:00,V352
AP246413,Invoice Scanned,2025-04-18T03:59:09.143261+00:00,V352
AP479580,Invoice Received,2025-04-19T09:39:29.579286+00:00,V324
AP479580,Invoice Scanned,2025-04-19T13:10:19.475948+00:00,V324
AP267753,Invoice Received,2025-04-16T08:44:45.600725+00:00,V911
AP267753,Invoice Scanned,2025-04-16T11:19:53.794922+00:00,V911
AP363626,Invoice Received,2025-04-12T19:15:48.960061+00:00,V666
AP363626,Invoice Scanned,2025-04-12T21:38:34.786224+00:00,V666
AP772097,Invoice Received,2025-04-21T01:29:29.106623+00:00,V448
AP772097,Invoice Scanned,2025-04-21T05:19:47.187310+00:00,V448
AP376183,Invoice Received,2025-04-07T06:21:28.219718+00:00,V612
AP376183,Invoice Scanned,2025-04-07T07:54:08.624090+00:00,V612
AP738551,Invoice Received,2025-04-11T13:40:49.115112+00:00,V303
AP738551,Invoice Scanned,2025-04-11T16:54:19.808743+00:00,V303
AP738551,Invoice Validation,2025-04-11T19:15:42.265013+00:00,V303
AP439902,Invoice Received,2025-04-06T18:55:22.402748+00:00,V600
AP439902,Invoice Scanned,2025-04-06T22:20:01.388418+00:00,V600
AP439902,Invoice Validation,2025-04-06T23:54:36.066398+00:00,V600
AP694916,Invoice Received,2025-04-19T12:29:34.372847+00:00,V180
AP694916,Invoice Scanned,2025-04-19T15:39:17.960129+00:00,V180
AP694916,Invoice Validation,2025-04-19T18:50:07.473938+00:00,V180
AP598369,Invoice Received,2025-04-18T09:21:43.641605+00:00,V662
AP598369,Invoice Scanned,2025-04-18T13:14:14.614221+00:00,V662
AP598369,Invoice Validation,2025-04-18T16:59:18.924233+00:00,V662
AP823378,Invoice Received,2025-04-22T03:09:08.148817+00:00,V305
AP823378,Invoice Scanned,2025-04-22T04:57:33.247149+00:00,V305
AP823378,Invoice Validation,2025-04-22T08:36:28.384616+00:00,V305
AP359947,Invoice Received,2025-05-03T01:47:55.969309+00:00,V330
AP359947,Invoice Scanned,2025-05-03T04:21:30.314751+00:00,V330
AP359947,Invoice Validation,2025-05-03T04:53:00.919322+00:00,V330
AP161733,Invoice Received,2025-04-08T16:26:30.343733+00:00,V334
AP161733,Invoice Scanned,2025-04-08T17:46:29.202126+00:00,V334
AP161733,Invoice Validation,2025-04-08T20:36:58.322133+00:00,V334
AP161733,Three-Way Match,2025-04-08T21:51:57.705906+00:00,V334
AP161733,Price Variance Check,2025-04-08T22:49:44.835200+00:00,V334
AP161733,Tax Calculation,2025-04-09T02:36:12.314631+00:00,V334
AP595631,Invoice Received,2025-04-28T02:18:50.246834+00:00,V348
AP595631,Invoice Scanned,2025-04-28T04:19:21.491732+00:00,V348
AP595631,Invoice Validation,2025-04-28T06:18:18.582382+00:00,V348
AP595631,Three-Way Match,2025-04-28T08:26:23.093199+00:00,V348
AP595631,Price Variance Check,2025-04-28T11:29:29.448902+00:00,V348
AP595631,Tax Calculation,2025-04-28T14:20:53.842198+00:00,V348
AP203198,Invoice Received,2025-04-23T21:21:40.465880+00:00,V162
AP203198,Invoice Scanned,2025-04-23T22:43:53.535687+00:00,V162
AP203198,Invoice Validation,2025-04-23T23:53:50.167933+00:00,V162
AP203198,Three-Way Match,2025-04-24T01:58:02.698636+00:00,V162
AP203198,Price Variance Check,2025-04-24T03:56:38.407298+00:00,V162
AP203198,Tax Calculation,2025-04-24T05:25:08.076121+00:00,V162
AP179046,Invoice Received,2025-05-02T06:47:16.840644+00:00,V553
AP179046,Invoice Scanned,2025-05-02T10:12:50.788216+00:00,V553
AP179046,Invoice Validation,2025-05-02T14:06:20.141058+00:00,V553
AP179046,Three-Way Match,2025-05-02T17:50:52.365044+00:00,V553
AP179046,Price Variance Check,2025-05-02T21:19:05.931298+00:00,V553
AP179046,Tax Calculation,2025-05-02T22:24:01.451292+00:00,V553
AP324130,Invoice Received,2025-04-28T19:55:12.386383+00:00,V985
AP324130,Invoice Scanned,2025-04-28T21:47:11.700529+00:00,V985
AP324130,Invoice Validation,2025-04-29T01:31:45.828256+00:00,V985
AP324130,Three-Way Match,2025-04-29T04:46:38.458152+00:00,V985
AP324130,Price Variance Check,2025-04-29T06:16:32.598437+00:00,V985
AP324130,Tax Calculation,2025-04-29T09:12:49.651382+00:00,V985
AP921414,Invoice Received,2025-04-19T12:26:28.824087+00:00,V669
AP921414,Invoice Scanned,2025-04-19T13:42:11.855407+00:00,V669
AP921414,Invoice Validation,2025-04-19T14:24:28.744886+00:00,V669
AP921414,Three-Way Match,2025-04-19T17:28:59.033339+00:00,V669
AP921414,Price Variance Check,2025-04-19T18:11:47.098740+00:00,V669
AP921414,Tax Calculation,2025-04-19T19:47:38.519343+00:00,V669
AP599948,Invoice Received,2025-05-02T00:41:21.164094+00:00,V614
AP599948,Invoice Scanned,2025-05-02T04:10:08.080165+00:00,V614
AP599948,Invoice Validation,2025-05-02T04:54:31.448957+00:00,V614
AP599948,Three-Way Match,2025-05-02T05:38:47.755836+00:00,V614
AP599948,Price Variance Check,2025-05-02T09:09:46.677781+00:00,V614
AP599948,Tax Calculation,2025-05-02T11:04:34.249728+00:00,V614
AP697347,Invoice Received,2025-05-02T11:07:36.281878+00:00,V352
AP697347,Invoice Scanned,2025-05-02T13:55:39.183750+00:00,V352
AP697347,Invoice Validation,2025-05-02T16:24:21.042990+00:00,V352
AP697347,Three-Way Match,2025-05-02T18:00:47.303049+00:00,V352
AP697347,Price Variance Check,2025-05-02T19:25:32.950814+00:00,V352
AP697347,Tax Calculation,2025-05-02T22:16:11.498096+00:00,V352
AP378517,Invoice Received,2025-04-14T22:49:54.253102+00:00,V505
AP378517,Invoice Scanned,2025-04-15T02:34:59.884081+00:00,V505
AP378517,Invoice Validation,2025-04-15T06:21:30.136103+00:00,V505
AP378517,Three-Way Match,2025-04-15T06:53:27.510860+00:00,V505
AP378517,Price Variance Check,2025-04-15T09:33:54.117479+00:00,V505
AP378517,Tax Calculation,2025-04-15T12:02:07.837414+00:00,V505
AP663750,Invoice Received,2025-04-29T19:31:54.328611+00:00,V318
AP663750,Invoice Scanned,2025-04-29T20:16:21.099168+00:00,V318
AP663750,Invoice Validation,2025-04-29T21:37:39.082816+00:00,V318
AP663750,Three-Way Match,2025-04-29T23:07:29.923945+00:00,V318
AP663750,Price Variance Check,2025-04-30T01:09:31.049565+00:00,V318
AP663750,Tax Calculation,2025-04-30T03:33:35.595889+00:00,V318
AP946305,Invoice Received,2025-04-14T07:36:29.945537+00:00,V769
AP946305,Invoice Scanned,2025-04-14T11:22:10.071634+00:00,V769
AP946305,Invoice Validation,2025-04-14T12:13:55.261558+00:00,V769
AP946305,Three-Way Match,2025-04-14T15:48:19.661317+00:00,V769
AP946305,Price Variance Check,2025-04-14T17:13:51.931928+00:00,V769
AP946305,Tax Calculation,2025-04-14T20:50:42.312036+00:00,V769
AP262998,Invoice Received,2025-04-27T13:06:06.628542+00:00,V378
AP262998,Invoice Scanned,2025-04-27T16:00:29.092365+00:00,V378
AP262998,Invoice Validation,2025-04-27T19:29:35.793839+00:00,V378
AP262998,Three-Way Match,2025-04-27T21:45:43.947971+00:00,V378
AP262998,Price Variance Check,2025-04-27T23:08:28.075747+00:00,V378
AP262998,Tax Calculation,2025-04-28T02:49:10.879729+00:00,V378
AP765095,Invoice Received,2025-05-03T14:43:52.023632+00:00,V533
AP765095,Invoice Scanned,2025-05-03T17:27:39.652186+00:00,V533
AP765095,Invoice Validation,2025-05-03T18:52:40.288493+00:00,V533
AP765095,Three-Way Match,2025-05-03T21:58:19.797938+00:00,V533
AP765095,Price Variance Check,2025-05-04T00:24:10.971244+00:00,V533
AP765095,Tax Calculation,2025-05-04T02:23:59.826423+00:00,V533
AP178898,Invoice Received,2025-05-02T14:43:00.018680+00:00,V807
AP178898,Invoice Scanned,2025-05-02T17:09:01.834899+00:00,V807
AP178898,Invoice Validation,2025-05-02T19:09:17.147481+00:00,V807
AP178898,Three-Way Match,2025-05-02T19:48:04.191094+00:00,V807
AP178898,Price Variance Check,2025-05-02T21:34:38.800187+00:00,V807
AP178898,Tax Calculation,2025-05-03T01:20:35.709120+00:00,V807
AP141832,Invoice Received,2025-04-26T09:11:13.485036+00:00,V466
AP141832,Invoice Scanned,2025-04-26T12:25:02.949684+00:00,V466
AP141832,Invoice Validation,2025-04-26T16:00:43.046922+00:00,V466
AP141832,Three-Way Match,2025-04-26T17:56:03.402034+00:00,V466
AP141832,Price Variance Check,2025-04-26T20:36:23.737062+00:00,V466
AP141832,Tax Calculation,2025-04-26T21:38:51.109125+00:00,V466
AP270395,Invoice Received,2025-05-02T23:49:36.003972+00:00,V919
AP270395,Invoice Scanned,2025-05-03T01:29:21.540868+00:00,V919
AP270395,Invoice Validation,2025-05-03T05:14:49.821032+00:00,V919
AP270395,Three-Way Match,2025-05-03T08:33:17.983783+00:00,V919
AP270395,Price Variance Check,2025-05-03T12:04:45.190541+00:00,V919
AP270395,Tax Calculation,2025-05-03T15:25:00.631930+00:00,V919
AP270395,Approval Requested,2025-05-03T16:51:02.383871+00:00,V919
AP270395,Manager Approval,2025-05-03T20:06:23.302686+00:00,V919
AP270395,Vendor Master Data Review,2025-05-03T20:59:05.307579+00:00,V919
AP270395,Payment Terms Verification,2025-05-04T00:32:14.609044+00:00,V919
AP333238,Invoice Received,2025-04-24T20:52:15.116085+00:00,V304
AP333238,Invoice Scanned,2025-04-24T22:10:02.819226+00:00,V304
AP333238,Invoice Validation,2025-04-24T22:45:00.991103+00:00,V304
AP333238,Three-Way Match,2025-04-24T23:55:34.426436+00:00,V304
AP333238,Price Variance Check,2025-04-25T01:34:30.527021+00:00,V304
AP333238,Tax Calculation,2025-04-25T05:06:01.374091+00:00,V304
AP333238,Approval Requested,2025-04-25T08:59:04.176802+00:00,V304
AP333238,Manager Approval,2025-04-25T10:27:41.151710+00:00,V304
AP333238,Vendor Master Data Review,2025-04-25T13:12:23.821616+00:00,V304
AP333238,Payment Terms Verification,2025-04-25T15:06:19.769259+00:00,V304
AP662262,Invoice Received,2025-04-08T04:59:43.867431+00:00,V439
AP662262,Invoice Scanned,2025-04-08T07:31:39.298076+00:00,V439
AP662262,Invoice Validation,2025-04-08T11:28:12.035294+00:00,V439
AP662262,Three-Way Match,2025-04-08T12:06:14.075981+00:00,V439
AP662262,Price Variance Check,2025-04-08T14:41:30.873794+00:00,V439
AP662262,Tax Calculation,2025-04-08T16:24:06.531401+00:00,V439
AP662262,Approval Requested,2025-04-08T19:39:15.526446+00:00,V439
AP662262,Manager Approval,2025-04-08T21:40:54.089383+00:00,V439
AP662262,Vendor Master Data Review,2025-04-09T01:37:35.461084+00:00,V439
AP662262,Payment Terms Verification,2025-04-09T02:31:52.597963+00:00,V439
AP299312,Invoice Received,2025-04-21T00:49:25.285668+00:00,V360
AP299312,Invoice Scanned,2025-04-21T04:08:47.322626+00:00,V360
AP299312,Invoice Validation,2025-04-21T07:03:01.722677+00:00,V360
AP299312,Three-Way Match,2025-04-21T10:50:29.037994+00:00,V360
AP299312,Price Variance Check,2025-04-21T13:55:15.712932+00:00,V360
AP299312,Tax Calculation,2025-04-21T15:06:38.355559+00:00,V360
AP299312,Approval Requested,2025-04-21T17:07:12.702794+00:00,V360
AP299312,Manager Approval,2025-04-21T20:56:28.521317+00:00,V360
AP299312,Vendor Master Data Review,2025-04-22T00:39:50.234105+00:00,V360
AP299312,Payment Terms Verification,2025-04-22T03:20:41.992270+00:00,V360
AP230679,Invoice Received,2025-04-24T16:40:02.101019+00:00,V837
AP230679,Invoice Scanned,2025-04-24T18:34:32.345896+00:00,V837
AP230679,Invoice Validation,2025-04-24T20:06:37.601448+00:00,V837
AP230679,Three-Way Match,2025-04-24T21:03:21.427716+00:00,V837
AP230679,Price Variance Check,2025-04-24T23:01:39.051522+00:00,V837
AP230679,Tax Calculation,2025-04-25T02:49:07.633773+00:00,V837
AP230679,Approval Requested,2025-04-25T05:41:21.839883+00:00,V837
AP230679,Manager Approval,2025-04-25T09:20:57.189759+00:00,V837
AP230679,Vendor Master Data Review,2025-04-25T12:00:12.677700+00:00,V837
AP230679,Payment Terms Verification,2025-04-25T13:33:24.646120+00:00,V837
AP230679,GL Account Assignment,2025-04-25T15:58:28.655006+00:00,V837
AP230679,Cost Center Assignment,2025-04-25T16:28:33.769846+00:00,V837
AP230679,Payment Block Release,2025-04-25T17:58:48.882679+00:00,V837
AP708158,Invoice Received,2025-04-20T04:24:56.803988+00:00,V721
AP708158,Invoice Scanned,2025-04-20T05:39:49.441640+00:00,V721
AP708158,Invoice Validation,2025-04-20T07:49:11.587582+00:00,V721
AP708158,Three-Way Match,2025-04-20T11:28:26.465987+00:00,V721
AP708158,Price Variance Check,2025-04-20T14:45:36.377965+00:00,V721
AP708158,Tax Calculation,2025-04-20T15:51:14.489557+00:00,V721
AP708158,Approval Requested,2025-04-20T16:39:02.913320+00:00,V721
AP708158,Manager Approval,2025-04-20T18:57:17.608645+00:00,V721
AP708158,Vendor Master Data Review,2025-04-20T21:40:12.663428+00:00,V721
AP708158,Payment Terms Verification,2025-04-20T23:20:36.035446+00:00,V721
AP708158,GL Account Assignment,2025-04-21T02:42:28.171099+00:00,V721
AP708158,Cost Center Assignment,2025-04-21T05:50:12.511632+00:00,V721
AP708158,Payment Block Release,2025-04-21T08:41:29.737081+00:00,V721
AP308802,Invoice Received,2025-04-26T13:45:09.239494+00:00,V250
AP308802,Invoice Scanned,2025-04-26T17:13:35.934446+00:00,V250
AP308802,Invoice Validation,2025-04-26T17:58:53.570134+00:00,V250
AP308802,Three-Way Match,2025-04-26T19:55:55.526873+00:00,V250
AP308802,Price Variance Check,2025-04-26T22:38:10.570670+00:00,V250
AP308802,Tax Calculation,2025-04-26T23:49:00.454653+00:00,V250
AP308802,Approval Requested,2025-04-27T02:45:14.518209+00:00,V250
AP308802,Manager Approval,2025-04-27T04:59:03.670539+00:00,V250
AP308802,Vendor Master Data Review,2025-04-27T06:20:17.874478+00:00,V250
AP308802,Payment Terms Verification,2025-04-27T09:08:04.205418+00:00,V250
AP308802,GL Account Assignment,2025-04-27T09:39:14.070127+00:00,V250
AP308802,Cost Center Assignment,2025-04-27T12:46:56.222532+00:00,V250
AP308802,Payment Block Release,2025-04-27T15:58:38.804508+00:00,V250
AP545798,Invoice Received,2025-04-18T14:10:37.812141+00:00,V324
AP545798,Invoice Scanned,2025-04-18T15:32:57.710465+00:00,V324
AP545798,Invoice Validation,2025-04-18T19:01:06.748442+00:00,V324
AP545798,Three-Way Match,2025-04-18T21:06:58.167443+00:00,V324
AP545798,Price Variance Check,2025-04-19T00:25:16.016625+00:00,V324
AP545798,Tax Calculation,2025-04-19T03:15:27.496056+00:00,V324
AP545798,Approval Requested,2025-04-19T07:12:54.940965+00:00,V324
AP545798,Manager Approval,2025-04-19T09:47:57.640178+00:00,V324
AP545798,Vendor Master Data Review,2025-04-19T13:37:28.139244+00:00,V324
AP545798,Payment Terms Verification,2025-04-19T17:14:40.105909+00:00,V324
AP545798,GL Account Assignment,2025-04-19T19:53:19.525176+00:00,V324
AP545798,Cost Center Assignment,2025-04-19T22:54:22.377088+00:00,V324
AP545798,Payment Block Release,2025-04-20T01:10:22.581965+00:00,V324
AP674485,Invoice Received,2025-04-08T16:28:29.232988+00:00,V556
AP674485,Invoice Scanned,2025-04-08T19:36:21.620498+00:00,V556
AP674485,Invoice Validation,2025-04-08T23:02:43.892885+00:00,V556
AP674485,Three-Way Match,2025-04-09T00:30:58.015934+00:00,V556
AP674485,Price Variance Check,2025-04-09T03:44:16.718859+00:00,V556
AP674485,Tax Calculation,2025-04-09T05:56:02.641274+00:00,V556
AP674485,Approval Requested,2025-04-09T07:16:17.139158+00:00,V556
AP674485,Manager Approval,2025-04-09T09:18:39.533833+00:00,V556
AP674485,Vendor Master Data Review,2025-04-09T12:18:30.199102+00:00,V556
AP674485,Payment Terms Verification,2025-04-09T13:37:44.818185+00:00,V556
AP674485,GL Account Assignment,2025-04-09T15:18:16.497146+00:00,V556
AP674485,Cost Center Assignment,2025-04-09T18:55:48.635239+00:00,V556
AP674485,Payment Block Release,2025-04-09T19:42:43.913725+00:00,V556
AP501641,Invoice Received,2025-04-27T11:02:27.006611+00:00,V810
AP501641,Invoice Scanned,2025-04-27T12:41:56.112138+00:00,V810
AP501641,Invoice Validation,2025-04-27T14:49:46.758360+00:00,V810
AP501641,Three-Way Match,2025-04-27T15:32:51.306313+00:00,V810
AP501641,Price Variance Check,2025-04-27T18:57:45.735047+00:00,V810
AP501641,Tax Calculation,2025-04-27T20:49:33.142887+00:00,V810
AP501641,Approval Requested,2025-04-28T00:01:12.569618+00:00,V810
AP501641,Manager Approval,2025-04-28T03:49:52.951241+00:00,V810
AP501641,Vendor Master Data Review,2025-04-28T04:23:59.053896+00:00,V810
AP501641,Payment Terms Verification,2025-04-28T07:58:55.327973+00:00,V810
AP501641,GL Account Assignment,2025-04-28T10:29:49.026343+00:00,V810
AP501641,Cost Center Assignment,2025-04-28T12:39:58.970973+00:00,V810
AP501641,Payment Block Release,2025-04-28T16:27:57.515857+00:00,V810
AP508930,Invoice Received,2025-04-12T00:08:26.006912+00:00,V973
AP508930,Invoice Scanned,2025-04-12T02:45:06.989533+00:00,V973
AP508930,Invoice Validation,2025-04-12T04:01:25.777081+00:00,V973
AP508930,Three-Way Match,2025-04-12T05:17:30.489677+00:00,V973
AP508930,Price Variance Check,2025-04-12T07:19:02.022975+00:00,V973
AP508930,Tax Calculation,2025-04-12T07:55:07.735706+00:00,V973
AP508930,Approval Requested,2025-04-12T09:35:42.967957+00:00,V973
AP508930,Manager Approval,2025-04-12T12:28:20.155708+00:00,V973
AP508930,Vendor Master Data Review,2025-04-12T14:23:14.545739+00:00,V973
AP508930,Payment Terms Verification,2025-04-12T15:27:54.109352+00:00,V973
AP508930,GL Account Assignment,2025-04-12T17:36:03.225232+00:00,V973
AP508930,Cost Center Assignment,2025-04-12T18:32:51.335478+00:00,V973
AP508930,Payment Block Release,2025-04-12T21:13:31.773186+00:00,V973
AP513160,Invoice Received,2025-05-02T21:53:11.758255+00:00,V706
AP513160,Invoice Scanned,2025-05-02T22:51:41.571794+00:00,V706
AP513160,Invoice Validation,2025-05-03T00:58:38.972189+00:00,V706
AP513160,Three-Way Match,2025-05-03T01:39:12.558571+00:00,V706
AP513160,Price Variance Check,2025-05-03T03:28:49.267260+00:00,V706
AP513160,Tax Calculation,2025-05-03T04:43:16.186841+00:00,V706
AP513160,Approval Requested,2025-05-03T06:21:54.443983+00:00,V706
AP513160,Manager Approval,2025-05-03T09:31:45.938302+00:00,V706
AP513160,Vendor Master Data Review,2025-05-03T11:21:22.928618+00:00,V706
AP513160,Payment Terms Verification,2025-05-03T14:29:18.252395+00:00,V706
AP513160,GL Account Assignment,2025-05-03T17:54:00.498388+00:00,V706
AP513160,Cost Center Assignment,2025-05-03T19:16:59.119688+00:00,V706
AP513160,Payment Block Release,2025-05-03T20:04:11.138221+00:00,V706
AP665621,Invoice Received,2025-04-14T20:44:02.496378+00:00,V153
AP665621,Invoice Scanned,2025-04-14T23:30:54.605034+00:00,V153
AP665621,Invoice Validation,2025-04-15T02:39:17.943405+00:00,V153
AP665621,Three-Way Match,2025-04-15T06:28:43.051237+00:00,V153
AP665621,Price Variance Check,2025-04-15T07:40:34.995835+00:00,V153
AP665621,Tax Calculation,2025-04-15T08:14:51.784053+00:00,V153
AP665621,Approval Requested,2025-04-15T09:16:51.801610+00:00,V153
AP665621,Manager Approval,2025-04-15T10:13:22.185893+00:00,V153
AP665621,Vendor Master Data Review,2025-04-15T13:03:57.367335+00:00,V153
AP665621,Payment Terms Verification,2025-04-15T15:32:23.384067+00:00,V153
AP665621,GL Account Assignment,2025-04-15T16:48:09.737282+00:00,V153
AP665621,Cost Center Assignment,2025-04-15T19:45:02.995920+00:00,V153
AP665621,Payment Block Release,2025-04-15T22:56:05.911959+00:00,V153
AP665621,Payment Scheduled,2025-04-16T00:01:20.055165+00:00,V153
AP884256,Invoice Received,2025-04-05T15:25:57.675332+00:00,V835
AP884256,Invoice Scanned,2025-04-05T16:01:21.223493+00:00,V835
AP884256,Invoice Validation,2025-04-05T17:36:51.884772+00:00,V835
AP884256,Three-Way Match,2025-04-05T20:29:06.460586+00:00,V835
AP884256,Price Variance Check,2025-04-06T00:20:19.438347+00:00,V835
AP884256,Tax Calculation,2025-04-06T02:13:37.284310+00:00,V835
AP884256,Approval Requested,2025-04-06T05:13:46.469594+00:00,V835
AP884256,Manager Approval,2025-04-06T05:59:44.025215+00:00,V835
AP884256,Vendor Master Data Review,2025-04-06T08:54:45.766856+00:00,V835
AP884256,Payment Terms Verification,2025-04-06T11:36:29.021041+00:00,V835
AP884256,GL Account Assignment,2025-04-06T12:27:52.977490+00:00,V835
AP884256,Cost Center Assignment,2025-04-06T15:40:06.236640+00:00,V835
AP884256,Payment Block Release,2025-04-06T19:08:39.931453+00:00,V835
AP884256,Payment Scheduled,2025-04-06T21:44:45.117800+00:00,V835
AP693423,Invoice Received,2025-04-18T06:01:28.682243+00:00,V901
AP693423,Invoice Scanned,2025-04-18T06:45:57.537123+00:00,V901
AP693423,Invoice Validation,2025-04-18T09:31:56.582124+00:00,V901
AP693423,Three-Way Match,2025-04-18T10:04:35.999216+00:00,V901
AP693423,Price Variance Check,2025-04-18T12:02:48.739351+00:00,V901
AP693423,Tax Calculation,2025-04-18T14:15:45.280834+00:00,V901
AP693423,Approval Requested,2025-04-18T16:16:47.675691+00:00,V901
AP693423,Manager Approval,2025-04-18T18:02:51.244976+00:00,V901
AP693423,Vendor Master Data Review,2025-04-18T21:40:05.090163+00:00,V901
AP693423,Payment Terms Verification,2025-04-18T23:46:37.805943+00:00,V901
AP693423,GL Account Assignment,2025-04-19T00:48:45.494422+00:00,V901
AP693423,Cost Center Assignment,2025-04-19T01:55:44.820132+00:00,V901
AP693423,Payment Block Release,2025-04-19T04:15:18.829143+00:00,V901
AP693423,Payment Scheduled,2025-04-19T07:01:54.592560+00:00,V901
AP664315,Invoice Received,2025-04-21T01:53:55.480629+00:00,V893
AP664315,Invoice Scanned,2025-04-21T03:20:17.264408+00:00,V893
AP664315,Invoice Validation,2025-04-21T06:49:08.850224+00:00,V893
AP664315,Three-Way Match,2025-04-21T10:13:36.061062+00:00,V893
AP664315,Price Variance Check,2025-04-21T11:01:48.013578+00:00,V893
AP664315,Tax Calculation,2025-04-21T14:36:56.566496+00:00,V893
AP664315,Approval Requested,2025-04-21T15:58:09.245830+00:00,V893
AP664315,Manager Approval,2025-04-21T18:05:44.572509+00:00,V893
AP664315,Vendor Master Data Review,2025-04-21T20:43:54.751982+00:00,V893
AP664315,Payment Terms Verification,2025-04-21T22:33:30.017214+00:00,V893
AP664315,GL Account Assignment,2025-04-21T23:09:31.637186+00:00,V893
AP664315,Cost Center Assignment,2025-04-22T02:38:13.642924+00:00,V893
AP664315,Payment Block Release,2025-04-22T03:46:24.825124+00:00,V893
AP664315,Payment Scheduled,2025-04-22T05:00:57.535236+00:00,V893
AP456871,Invoice Received,2025-04-08T03:53:26.002680+00:00,V386
AP456871,Invoice Scanned,2025-04-08T06:11:55.506052+00:00,V386
AP456871,Invoice Validation,2025-04-08T07:22:02.816988+00:00,V386
AP456871,Three-Way Match,2025-04-08T08:42:43.903223+00:00,V386
AP456871,Price Variance Check,2025-04-08T10:38:04.897594+00:00,V386
AP456871,Tax Calculation,2025-04-08T13:04:40.117860+00:00,V386
AP456871,Approval Requested,2025-04-08T14:25:08.199455+00:00,V386
AP456871,Manager Approval,2025-04-08T16:35:06.972651+00:00,V386
AP456871,Vendor Master Data Review,2025-04-08T19:34:36.186973+00:00,V386
AP456871,Payment Terms Verification,2025-04-08T21:38:43.186298+00:00,V386
AP456871,GL Account Assignment,2025-04-08T22:12:20.451366+00:00,V386
AP456871,Cost Center Assignment,2025-04-08T23:44:07.819691+00:00,V386
AP456871,Payment Block Release,2025-04-09T01:39:03.273912+00:00,V386
AP456871,Payment Scheduled,2025-04-09T03:00:08.918977+00:00,V386
AP486945,Invoice Received,2025-04-23T18:43:59.029673+00:00,V584
AP486945,Invoice Scanned,2025-04-23T21:09:33.924430+00:00,V584
AP486945,Invoice Validation,2025-04-23T22:53:26.737078+00:00,V584
AP486945,Three-Way Match,2025-04-24T00:58:43.927390+00:00,V584
AP486945,Price Variance Check,2025-04-24T02:33:07.377081+00:00,V584
AP486945,Tax Calculation,2025-04-24T03:51:32.156401+00:00,V584
AP486945,Approval Requested,2025-04-24T06:53:00.338976+00:00,V584
AP486945,Manager Approval,2025-04-24T08:29:16.243070+00:00,V584
AP486945,Vendor Master Data Review,2025-04-24T11:35:16.544472+00:00,V584
AP486945,Payment Terms Verification,2025-04-24T15:24:57.601733+00:00,V584
AP486945,GL Account Assignment,2025-04-24T18:19:53.662515+00:00,V584
AP486945,Cost Center Assignment,2025-04-24T19:30:07.078775+00:00,V584
AP486945,Payment Block Release,2025-04-24T22:35:13.497409+00:00,V584
AP486945,Payment Scheduled,2025-04-25T00:03:17.392709+00:00,V584
AP897135,Invoice Received,2025-04-05T06:58:43.681691+00:00,V637
AP897135,Invoice Scanned,2025-04-05T08:30:56.387128+00:00,V637
AP897135,Invoice Validation,2025-04-05T10:16:43.488599+00:00,V637
AP897135,Three-Way Match,2025-04-05T11:50:12.060218+00:00,V637
AP897135,Price Variance Check,2025-04-05T14:48:53.093138+00:00,V637
AP897135,Tax Calculation,2025-04-05T15:45:28.038432+00:00,V637
AP897135,Approval Requested,2025-04-05T16:25:01.536264+00:00,V637
AP897135,Manager Approval,2025-04-05T17:06:28.564119+00:00,V637
AP897135,Vendor Master Data Review,2025-04-05T18:37:49.485840+00:00,V637
AP897135,Payment Terms Verification,2025-04-05T22:26:05.014986+00:00,V637
AP897135,GL Account Assignment,2025-04-06T01:10:02.172640+00:00,V637
AP897135,Cost Center Assignment,2025-04-06T04:18:07.354055+00:00,V637
AP897135,Payment Block Release,2025-04-06T05:09:39.958405+00:00,V637
AP897135,Payment Scheduled,2025-04-06T05:42:14.502488+00:00,V637
AP897135,Payment Executed,2025-04-06T07:11:57.178010+00:00,V637
AP897135,Payment Confirmed,2025-04-06T09:22:28.977038+00:00,V637
AP897135,Invoice Posted,2025-04-06T11:04:01.871788+00:00,V637
AP364742,Invoice Received,2025-04-09T19:42:35.952910+00:00,V982
AP364742,Invoice Scanned,2025-04-09T20:28:09.388255+00:00,V982
AP364742,Invoice Validation,2025-04-09T23:10:20.404163+00:00,V982
AP364742,Three-Way Match,2025-04-09T23:51:35.878499+00:00,V982
AP364742,Price Variance Check,2025-04-10T00:52:55.768063+00:00,V982
AP364742,Tax Calculation,2025-04-10T03:21:07.546986+00:00,V982
AP364742,Approval Requested,2025-04-10T04:54:55.874435+00:00,V982
AP364742,Manager Approval,2025-04-10T08:53:39.242781+00:00,V982
AP364742,Vendor Master Data Review,2025-04-10T09:48:31.732465+00:00,V982
AP364742,Payment Terms Verification,2025-04-10T12:59:03.719876+00:00,V982
AP364742,GL Account Assignment,2025-04-10T15:36:23.322282+00:00,V982
AP364742,Cost Center Assignment,2025-04-10T18:52:26.656738+00:00,V982
AP364742,Payment Block Release,2025-04-10T20:09:50.314665+00:00,V982
AP364742,Payment Scheduled,2025-04-10T22:29:34.728608+00:00,V982
AP364742,Payment Executed,2025-04-11T00:34:11.210866+00:00,V982
AP364742,Payment Confirmed,2025-04-11T02:37:09.495517+00:00,V982
AP364742,Invoice Posted,2025-04-11T06:07:47.595506+00:00,V982
AP420214,Invoice Received,2025-04-16T00:47:13.911528+00:00,V682
AP420214,Invoice Scanned,2025-04-16T04:36:13.548052+00:00,V682
AP420214,Invoice Validation,2025-04-16T05:49:51.675665+00:00,V682
AP420214,Three-Way Match,2025-04-16T07:04:10.593126+00:00,V682
AP420214,Price Variance Check,2025-04-16T09:52:51.987655+00:00,V682
AP420214,Tax Calculation,2025-04-16T10:55:50.907032+00:00,V682
AP420214,Approval Requested,2025-04-16T12:02:20.957741+00:00,V682
AP420214,Manager Approval,2025-04-16T12:48:06.775089+00:00,V682
AP420214,Vendor Master Data Review,2025-04-16T13:18:40.489194+00:00,V682
AP420214,Payment Terms Verification,2025-04-16T15:23:16.835872+00:00,V682
AP420214,GL Account Assignment,2025-04-16T17:57:58.856931+00:00,V682
AP420214,Cost Center Assignment,2025-04-16T19:29:08.723973+00:00,V682
AP420214,Payment Block Release,2025-04-16T20:47:45.324528+00:00,V682
AP420214,Payment Scheduled,2025-04-16T23:46:12.967984+00:00,V682
AP420214,Payment Executed,2025-04-17T02:43:50.611216+00:00,V682
AP420214,Payment Confirmed,2025-04-17T04:49:11.405929+00:00,V682
AP420214,Invoice Posted,2025-04-17T07:43:32.455922+00:00,V682
AP926097,Invoice Received,2025-04-14T13:35:03.990403+00:00,V910
AP926097,Invoice Scanned,2025-04-14T15:34:20.741376+00:00,V910
AP926097,Invoice Validation,2025-04-14T17:58:42.227348+00:00,V910
AP926097,Three-Way Match,2025-04-14T20:44:42.424863+00:00,V910
AP926097,Price Variance Check,2025-04-15T00:25:28.409073+00:00,V910
AP926097,Tax Calculation,2025-04-15T03:49:03.961685+00:00,V910
AP926097,Approval Requested,2025-04-15T04:34:03.725629+00:00,V910
AP926097,Manager Approval,2025-04-15T05:38:54.352773+00:00,V910
AP926097,Vendor Master Data Review,2025-04-15T07:13:30.261612+00:00,V910
AP926097,Payment Terms Verification,2025-04-15T10:20:47.128910+00:00,V910
AP926097,GL Account Assignment,2025-04-15T12:50:19.137731+00:00,V910
AP926097,Cost Center Assignment,2025-04-15T14:20:55.631144+00:00,V910
AP926097,Payment Block Release,2025-04-15T15:17:02.487237+00:00,V910
AP926097,Payment Scheduled,2025-04-15T18:11:39.829926+00:00,V910
AP926097,Payment Executed,2025-04-15T21:08:36.474357+00:00,V910
AP926097,Payment Confirmed,2025-04-16T00:56:34.194990+00:00,V910
AP926097,Invoice Posted,2025-04-16T03:11:40.144422+00:00,V910
AP184349,Invoice Received,2025-04-12T09:22:38.593692+00:00,V712
AP184349,Invoice Scanned,2025-04-12T09:58:04.491336+00:00,V712
AP184349,Invoice Validation,2025-04-12T11:16:08.938974+00:00,V712
AP184349,Three-Way Match,2025-04-12T14:07:45.098400+00:00,V712
AP184349,Price Variance Check,2025-04-12T17:38:27.610997+00:00,V712
AP184349,Tax Calculation,2025-04-12T20:11:45.359937+00:00,V712
AP184349,Approval Requested,2025-04-12T20:46:06.752685+00:00,V712
AP184349,Manager Approval,2025-04-12T23:56:42.733473+00:00,V712
AP184349,Vendor Master Data Review,2025-04-13T03:19:12.641163+00:00,V712
AP184349,Payment Terms Verification,2025-04-13T05:50:13.353169+00:00,V712
AP184349,GL Account Assignment,2025-04-13T09:00:28.526622+00:00,V712
AP184349,Cost Center Assignment,2025-04-13T10:07:15.929794+00:00,V712
AP184349,Payment Block Release,2025-04-13T12:26:14.874190+00:00,V712
AP184349,Payment Scheduled,2025-04-13T14:29:06.964686+00:00,V712
AP184349,Payment Executed,2025-04-13T15:57:31.737499+00:00,V712
AP184349,Payment Confirmed,2025-04-13T19:56:53.250483+00:00,V712
AP184349,Invoice Posted,2025-04-13T21:58:25.401320+00:00,V712
AP195674,Invoice Received,2025-04-24T00:51:46.171053+00:00,V581
AP195674,Invoice Scanned,2025-04-24T04:21:53.608042+00:00,V581
AP195674,Invoice Validation,2025-04-24T06:01:09.134203+00:00,V581
AP195674,Three-Way Match,2025-04-24T08:56:49.422495+00:00,V581
AP195674,Price Variance Check,2025-04-24T10:27:20.966717+00:00,V581
AP195674,Tax Calculation,2025-04-24T14:15:50.405315+00:00,V581
AP195674,Approval Requested,2025-04-24T17:36:41.337353+00:00,V581
AP195674,Manager Approval,2025-04-24T20:02:12.554626+00:00,V581
AP195674,Vendor Master Data Review,2025-04-24T22:07:43.361074+00:00,V581
AP195674,Payment Terms Verification,2025-04-24T23:43:46.277254+00:00,V581
AP195674,GL Account Assignment,2025-04-25T01:21:39.526961+00:00,V581
AP195674,Cost Center Assignment,2025-04-25T05:15:23.854519+00:00,V581
AP195674,Payment Block Release,2025-04-25T07:10:16.460237+00:00,V581
AP195674,Payment Scheduled,2025-04-25T09:28:20.373016+00:00,V581
AP195674,Payment Executed,2025-04-25T13:25:50.675122+00:00,V581
AP195674,Payment Confirmed,2025-04-25T16:13:57.195992+00:00,V581
AP195674,Invoice Posted,2025-04-25T18:37:53.875281+00:00,V581
AP296694,Invoice Received,2025-04-11T18:12:16.183349+00:00,V630
AP296694,Invoice Scanned,2025-04-11T21:21:52.064103+00:00,V630
AP296694,Invoice Validation,2025-04-11T22:34:36.897906+00:00,V630
AP296694,Three-Way Match,2025-04-12T00:59:57.065358+00:00,V630
AP296694,Price Variance Check,2025-04-12T04:44:45.742145+00:00,V630
AP296694,Tax Calculation,2025-04-12T06:46:46.004943+00:00,V630
AP296694,Approval Requested,2025-04-12T09:43:23.955310+00:00,V630
AP296694,Manager Approval,2025-04-12T10:38:53.923960+00:00,V630
AP296694,Vendor Master Data Review,2025-04-12T14:33:15.573839+00:00,V630
AP296694,Payment Terms Verification,2025-04-12T17:11:07.356844+00:00,V630
AP296694,GL Account Assignment,2025-04-12T18:31:22.504869+00:00,V630
AP296694,Cost Center Assignment,2025-04-12T19:34:38.069733+00:00,V630
AP296694,Payment Block Release,2025-04-12T22:00:18.641221+00:00,V630
AP296694,Payment Scheduled,2025-04-13T00:26:17.008975+00:00,V630
AP296694,Payment Executed,2025-04-13T01:15:51.444911+00:00,V630
AP296694,Payment Confirmed,2025-04-13T05:14:13.884867+00:00,V630
AP296694,Invoice Posted,2025-04-13T08:55:56.801336+00:00,V630
AP223172,Invoice Received,2025-04-06T14:23:41.948688+00:00,V763
AP223172,Invoice Scanned,2025-04-06T17:21:50.135225+00:00,V763
AP223172,Invoice Validation,2025-04-06T19:19:05.313546+00:00,V763
AP223172,Three-Way Match,2025-04-06T21:30:24.808216+00:00,V763
AP223172,Price Variance Check,2025-04-06T23:39:34.777468+00:00,V763
AP223172,Tax Calculation,2025-04-07T01:45:30.287024+00:00,V763
AP223172,Approval Requested,2025-04-07T02:45:52.775827+00:00,V763
AP223172,Manager Approval,2025-04-07T03:55:54.466501+00:00,V763
AP223172,Vendor Master Data Review,2025-04-07T06:31:46.624244+00:00,V763
AP223172,Payment Terms Verification,2025-04-07T09:38:29.910317+00:00,V763
AP223172,GL Account Assignment,2025-04-07T10:37:09.915459+00:00,V763
AP223172,Cost Center Assignment,2025-04-07T11:21:49.522462+00:00,V763
AP223172,Payment Block Release,2025-04-07T14:34:05.229134+00:00,V763
AP223172,Payment Scheduled,2025-04-07T18:03:30.825122+00:00,V763
AP223172,Payment Executed,2025-04-07T19:44:53.253185+00:00,V763
AP223172,Payment Confirmed,2025-04-07T23:00:18.492498+00:00,V763
AP223172,Invoice Posted,2025-04-08T00:26:24.868053+00:00,V763
AP861319,Invoice Received,2025-04-04T16:58:39.782229+00:00,V405
AP861319,Invoice Scanned,2025-04-04T17:59:52.084501+00:00,V405
AP861319,Invoice Validation,2025-04-04T20:22:58.199780+00:00,V405
AP861319,Three-Way Match,2025-04-04T22:05:26.761445+00:00,V405
AP861319,Price Variance Check,2025-04-05T00:31:20.920900+00:00,V405
AP861319,Tax Calculation,2025-04-05T02:55:28.139693+00:00,V405
AP861319,Approval Requested,2025-04-05T05:01:05.481866+00:00,V405
AP861319,Manager Approval,2025-04-05T06:38:39.876479+00:00,V405
AP861319,Vendor Master Data Review,2025-04-05T07:48:16.896388+00:00,V405
AP861319,Payment Terms Verification,2025-04-05T10:44:45.376576+00:00,V405
AP861319,GL Account Assignment,2025-04-05T13:14:50.026865+00:00,V405
AP861319,Cost Center Assignment,2025-04-05T14:33:52.913685+00:00,V405
AP861319,Payment Block Release,2025-04-05T17:46:44.774071+00:00,V405
AP861319,Payment Scheduled,2025-04-05T18:25:54.730040+00:00,V405
AP861319,Payment Executed,2025-04-05T21:32:18.014950+00:00,V405
AP861319,Payment Confirmed,2025-04-06T00:30:23.886251+00:00,V405
AP861319,Invoice Posted,2025-04-06T03:50:47.638423+00:00,V405
AP795928,Invoice Received,2025-04-19T05:52:50.982624+00:00,V911
AP795928,Invoice Scanned,2025-04-19T08:08:19.851116+00:00,V911
AP795928,Invoice Validation,2025-04-19T10:42:16.124525+00:00,V911
AP795928,Three-Way Match,2025-04-19T14:14:54.348473+00:00,V911
AP795928,Price Variance Check,2025-04-19T17:48:29.147186+00:00,V911
AP795928,Tax Calculation,2025-04-19T19:50:57.005429+00:00,V911
AP795928,Approval Requested,2025-04-19T22:11:23.989123+00:00,V911
AP795928,Manager Approval,2025-04-20T00:17:21.282861+00:00,V911
AP795928,Vendor Master Data Review,2025-04-20T03:19:04.075088+00:00,V911
AP795928,Payment Terms Verification,2025-04-20T05:15:09.805697+00:00,V911
AP795928,GL Account Assignment,2025-04-20T08:02:40.050410+00:00,V911
AP795928,Cost Center Assignment,2025-04-20T09:05:05.001767+00:00,V911
AP795928,Payment Block Release,2025-04-20T11:13:40.583339+00:00,V911
AP795928,Payment Scheduled,2025-04-20T15:07:12.549084+00:00,V911
AP795928,Payment Executed,2025-04-20T16:48:18.420633+00:00,V911
AP795928,Payment Confirmed,2025-04-20T19:43:46.498575+00:00,V911
AP795928,Invoice Posted,2025-04-20T22:30:14.440397+00:00,V911
